question,answer
How do I get to the Hokage’s office?,Walk to the center of the village
Where is the nearest ramen shop?,"Ichiraku Ramen, near Market Street"
Can you guide me to the training grounds?,Take the path behind the academy
What is the quickest route to the Hokage Rock?,Head north from the village square
How far is the Ninja Academy from here?,About a 5 minute walk from the gate
Where can I find the Anbu headquarters?,Near the village outskirts
Is there a shortcut to the hospital?,"Yes, take the alley near the market."
How do I get to the Uchiha District?,Go south from the main gate.
Can you direct me to the Hyuga Compound?,"It’s northeast, past the training grounds."
Where is the entrance to the Forest of Death?,Near the second training grounds.
Where is the ninja hospital in the Leaf Village?,Close to the village square.
Are there any shops for ninja tools nearby?,"Yes, at the central market."
Is there a courier service for mission scrolls?,"Yes, at the mission desk."
Where can I find a blacksmith?,Near the training grounds on Forge Street.
Can I find a library in the village?,"Yes, next to the Ninja Academy."
Are there banks in the Leaf Village?,"Yes, by the square."
Is there a repair shop for ninja weapons?,"Yes, at Tenten’s shop."
Where can I get food supplies for missions?,At the market near the gate.
Is there a school for young ninjas?,"Yes, the Ninja Academy."
Where can I learn about advanced jutsu?,At the secret training grounds.
What are the main attractions in the Leaf Village?,Hokage Rock and Ichiraku Ramen.
Can I visit the Uchiha District?,"Yes, but with permission."
Is there a tour of the Hokage’s office?,"Yes, with approval."
Where can I see the Hokage Monument?,Above Hokage Rock.
Are there any special festivals in the village?,"Yes, the Fire Festival."
Can I enter the Forest of Death?,Only during Chunin Exams.
Where can I watch ninja battles?,At the arena near the training grounds.
What’s the best spot for stargazing in the village?,Hokage Rock at night.
Are there any ninja museums in the Leaf Village?,"Yes, next to the mission desk."
Can I visit the Hyuga Compound?,Only if invited.
Where can I eat ramen in the Leaf Village?,Ichiraku Ramen near Market Street.
Is there a teahouse nearby?,"Yes, next to Hokage’s office."
Are there snack shops in the village?,"Yes, at the market square."
Can I find dumplings in the village?,"Yes, at Anko’s shop."
Where can I buy fresh produce?,At the morning market.
Are there food stalls near the training grounds?,"Yes, during festivals."
Is there a bakery in the village?,"Yes, near the academy."
Where can I find sweets in the Leaf Village?,At the candy shop.
Can I buy mission rations?,"Yes, at the supply store."
Is there a special food for ninjas?,"Yes, try Soldier Pills."
Are there festivals in the Leaf Village?,"Yes, the Fire Festival."
Are there craft workshops in the village?,"Yes, near Market Street."
Can I join a training session?,"Yes, with approval."
Are there any team-building activities?,"Yes, ask your squad leader."
Where can I see live performances?,At the arena.
Can I participate in a sparring match?,"Yes, at the training grounds."
Are there guided tours for visitors?,"Yes, starting at the main gate."
Are there storytelling sessions?,"Yes, at the teahouse."
Where can I practice weapon throwing?,At the training grounds.
Can I learn new jutsu here?,"Yes, from the academy or mentors."
How do I get around the village?,Walk or use shortcuts.
Are there carriage services in the Leaf Village?,"No, but walking is quick."
How long does it take to cross the village?,About 20 minutes.
Can I use a ninja tool for fast travel?,"Yes, if you have one."
Is there a map of the Leaf Village?,"Yes, at the main gate."
Are there guides for tourists?,"Yes, available at the market."
Can I hire a guide for missions?,"Yes, from the mission desk."
Is there a public transport system?,"No, but most places are nearby."
Where can I park my cart?,Near the market.
Are there landmarks to help with directions?,"Yes, like Hokage Rock."
What should I do in case of an attack?,Head to the nearest shelter.
Where is the emergency meeting point?,Near the village square
Is there an emergency hotline?,"Yes, contact the Hokage’s office."
Who do I report lost items to?,The mission desk.
Can I report suspicious activities?,"Yes, to the Anbu."
Where is the first-aid center?,At the hospital.
What should I do during a natural disaster?,Follow village evacuation orders.
Are there drills for emergencies?,"Yes, at the training grounds."
Can I access safety manuals?,"Yes, at the library."
Where can I find a medic?,At the hospital or training grounds.
Are there schools for children?,"Yes, the Ninja Academy."
Where can I buy household supplies?,At the market.
Are there recreational spaces?,"Yes, near the training grounds."
Where can I read about Leaf Village history?,At the library.
Is there a gym in the village?,"Yes, at the training grounds."
Can I join a community event?,"Yes, check the notice board."
Are there places to meditate?,"Yes, near the Hyuga Compound."
Where can I recycle items?,At the market.
Can I adopt a ninja pet?,"Yes, from the Inuzuka Clan."
Are there music lessons in the village?,"Yes, near the square."
